Name,Cosmic Id, Tissue, Tissue sub-type,,
1287381,201T,1287381,LUAD,lung,lung_NSCLC_adenocarcinoma
924100,22RV1,924100,PRAD,urogenital_system,prostate
910924,23132-87,910924,STAD,digestive_system,stomach
687561,42-MG-BA,687561,GBM,nervous_system,glioma
1287706,451Lu,1287706,SKCM,skin,melanoma
687452,5637,687452,BLCA,urogenital_system,bladder
906798,639-V,906798,BLCA,urogenital_system,bladder
906797,647-V,906797,BLCA,urogenital_system,bladder
906800,697,906800,UNCLASSIFIED,blood,lymphoblastic_leukemia
910922,769-P,910922,KIRC,kidney,kidney
905947,786-0,905947,KIRC,kidney,kidney
687562,8-MG-BA,687562,GBM,nervous_system,glioma
906795,8305C,906795,THCA,thyroid,thyroid
924102,8505C,924102,THCA,thyroid,thyroid
910921,A101D,910921,SKCM,skin,melanoma
687563,A172,687563,GBM,nervous_system,glioma
910784,A204,910784,UNCLASSIFIED,soft_tissue,rhabdomyosarcoma
906792,A2058,906792,SKCM,skin,melanoma
906794,A253,906794,UNCLASSIFIED,aero_digestive_tract,head_and_neck
906804,A2780,906804,UNCLASSIFIED,urogenital_system,ovary
910935,A3-KAW,910935,DLBC,blood,B_cell_lymphoma
906793,A375,906793,SKCM,skin,melanoma
910697,A388,910697,UNCLASSIFIED,skin,skin_other
910934,A4-Fuk,910934,DLBC,blood,B_cell_lymphoma
910851,A427,910851,UNCLASSIFIED,lung,lung_NSCLC_not_specified
910925,A431,910925,UNCLASSIFIED,skin,skin_other
905948,A498,905948,KIRC,kidney,kidney
905949,A549,905949,LUAD,lung,lung_NSCLC_adenocarcinoma
684052,A673,684052,UNCLASSIFIED,soft_tissue,rhabdomyosarcoma
910920,A704,910920,KIRC,kidney,kidney
906791,ABC-1,906791,LUAD,lung,lung_NSCLC_adenocarcinoma
905950,ACHN,905950,KIRC,kidney,kidney
906803,ACN,906803,UNCLASSIFIED,nervous_system,neuroblastoma
906790,AGS,906790,STAD,digestive_system,stomach
910944,ALL-PO,910944,ALL,blood,lymphoblastic_leukemia
1295740,ALL-SIL,1295740,ALL,blood,T_cell_leukemia
910933,AM-38,910933,GBM,nervous_system,glioma
1295741,AMO-1,1295741,MM,blood,haematopoietic_neoplasm_other
910781,AN3-CA,910781,UCEC,urogenital_system,endometrium
906765,ARH-77,906765,MM,blood,myeloma
1290722,ASH-3,1290722,THCA,thyroid,thyroid
910687,ATN-1,910687,ALL,blood,lymphoblastic_T_cell_leukaemia
910704,AU565,910704,BRCA,breast,breast
910702,AsPC-1,910702,PAAD,pancreas,pancreas
910705,BALL-1,910705,UNCLASSIFIED,blood,B_cell_leukemia
753531,BB30-HNC,753531,HNSC,aero_digestive_tract,head_and_neck
753532,BB49-HNC,753532,HNSC,aero_digestive_tract,head_and_neck
753533,BB65-RCC,753533,KIRC,kidney,kidney
910919,BC-1,910919,DLBC,blood,B_cell_lymphoma
1295743,BC-2,1295743,UNCLASSIFIED,blood,B_cell_lymphoma
910918,BC-3,910918,DLBC,blood,B_cell_lymphoma
924104,BCPAP,924104,THCA,thyroid,thyroid
906763,BE-13,906763,ALL,blood,lymphoblastic_leukemia
753616,BE2-M17,753616,NB,nervous_system,neuroblastoma
753534,BEN,753534,UNCLASSIFIED,lung,lung_NSCLC_not_specified
910926,BFTC-905,910926,BLCA,urogenital_system,bladder
910698,BFTC-909,910698,KIRC,kidney,kidney
906696,BHT-101,906696,THCA,thyroid,thyroid
753535,BHY,753535,HNSC,aero_digestive_tract,head_and_neck
1290724,BICR10,1290724,HNSC,aero_digestive_tract,head_and_neck
1240121,BICR22,1240121,HNSC,aero_digestive_tract,head_and_neck
1290725,BICR31,1290725,HNSC,aero_digestive_tract,head_and_neck
1240122,BICR78,1240122,HNSC,aero_digestive_tract,head_and_neck
910706,BL-41,910706,UNCLASSIFIED,blood,Burkitt_lymphoma
910707,BL-70,910707,UNCLASSIFIED,blood,Burkitt_lymphoma
753536,BOKU,753536,UNCLASSIFIED,urogenital_system,cervix
924105,BPH-1,924105,UNCLASSIFIED,urogenital_system,prostate
906801,BT-20,906801,BRCA,breast,breast
946359,BT-474,946359,BRCA,breast,breast
949093,BT-483,949093,BRCA,breast,breast
905951,BT-549,905951,BRCA,breast,breast
910710,BV-173,910710,LCML,blood,chronic_myeloid_leukaemia
906746,Becker,906746,GBM,nervous_system,glioma
906693,BxPC-3,906693,PAAD,pancreas,pancreas
687505,C-33-A,687505,CESC,urogenital_system,cervix
687506,C-4-I,687506,CESC,urogenital_system,cervix
910700,C2BBe1,910700,COREAD,digestive_system,large_intestine
906830,C32,906830,SKCM,skin,melanoma
910850,C3A,910850,LIHC,digestive_system,liver
910703,CA46,910703,UNCLASSIFIED,blood,Burkitt_lymphoma
753539,CADO-ES1,753539,UNCLASSIFIED,bone,ewings_sarcoma
905963,CAKI-1,905963,KIRC,kidney,kidney
906826,CAL-120,906826,BRCA,breast,breast
753540,CAL-12T,753540,UNCLASSIFIED,lung,lung_NSCLC_not_specified
924106,CAL-148,924106,BRCA,breast,breast
910916,CAL-27,910916,HNSC,aero_digestive_tract,head_and_neck
1290730,CAL-29,1290730,BLCA,urogenital_system,bladder
753541,CAL-33,753541,HNSC,aero_digestive_tract,head_and_neck
924107,CAL-39,924107,CESC,urogenital_system,cervix
910927,CAL-51,910927,BRCA,breast,breast
910952,CAL-54,910952,KIRC,kidney,kidney
906828,CAL-62,906828,THCA,thyroid,thyroid
906827,CAL-72,906827,UNCLASSIFIED,bone,osteosarcoma
1290765,CAL-78,1290765,UNCLASSIFIED,bone,chondrosarcoma
910852,CAL-85-1,910852,BRCA,breast,breast
946382,CAMA-1,946382,BRCA,breast,breast
753624,CAPAN-1,753624,PAAD,pancreas,pancreas
910943,CAS-1,910943,GBM,nervous_system,glioma
906823,CCF-STTG1,906823,GBM,nervous_system,glioma
1240123,CCK-81,1240123,COREAD,digestive_system,large_intestine
905952,CCRF-CEM,905952,ALL,blood,lymphoblastic_leukemia
910688,CESS,910688,LAML,blood,acute_myeloid_leukaemia
906821,CFPAC-1,906821,PAAD,pancreas,pancreas
910568,CGTH-W-1,910568,THCA,thyroid,thyroid
910853,CHL-1,910853,SKCM,skin,melanoma
910567,CHP-126,910567,NB,nervous_system,neuroblastoma
910941,CHP-134,910941,NB,nervous_system,neuroblastoma
906820,CHP-212,906820,NB,nervous_system,neuroblastoma
1290767,CHSA0011,1290767,UNCLASSIFIED,bone,chondrosarcoma
1290768,CHSA0108,1290768,UNCLASSIFIED,bone,chondrosarcoma
1303912,CHSA8926,1303912,UNCLASSIFIED,bone,chondrosarcoma
1290769,CL-11,1290769,COREAD,digestive_system,large_intestine
1290771,CL-34,1290771,COREAD,digestive_system,large_intestine
1240124,CL-40,1240124,COREAD,digestive_system,large_intestine
910566,CMK,910566,LAML,blood,acute_myeloid_leukaemia
910951,CML-T1,910951,LCML,blood,chronic_myeloid_leukaemia
905961,COLO-205,905961,COREAD,digestive_system,large_intestine
910569,COLO-320-HSR,910569,COREAD,digestive_system,large_intestine
910692,COLO-668,910692,SCLC,lung,lung_small_cell_carcinoma
910689,COLO-678,910689,COREAD,digestive_system,large_intestine
906818,COLO-679,906818,SKCM,skin,melanoma
906817,COLO-680N,906817,ESCA,aero_digestive_tract,oesophagus
910691,COLO-684,910691,UCEC,urogenital_system,endometrium
906815,COLO-741,906815,UNCLASSIFIED,digestive_system,large_intestine
1240125,COLO-783,1240125,SKCM,skin,melanoma
906814,COLO-792,906814,SKCM,skin,melanoma
906813,COLO-800,906813,SKCM,skin,melanoma
906812,COLO-824,906812,BRCA,breast,breast
687448,COLO-829,687448,SKCM,skin,melanoma
906805,COR-L105,906805,LUAD,lung,lung_NSCLC_adenocarcinoma
687780,COR-L23,687780,UNCLASSIFIED,lung,lung_NSCLC_large_cell
910937,COR-L279,910937,SCLC,lung,lung_small_cell_carcinoma
1297438,COR-L303,1297438,SCLC,lung,lung_small_cell_carcinoma
687980,COR-L311,687980,SCLC,lung,lung_small_cell_carcinoma
1322212,COR-L32,1322212,SCLC,lung,lung_small_cell_carcinoma
1322213,COR-L321,1322213,UNCLASSIFIED,lung,lung_other
906808,COR-L88,906808,SCLC,lung,lung_small_cell_carcinoma
1297439,COR-L95,1297439,SCLC,lung,lung_small_cell_carcinoma
753545,CP50-MEL-B,753545,SKCM,skin,melanoma
753546,CP66-MEL,753546,SKCM,skin,melanoma
949092,CP67-MEL,949092,SKCM,skin,melanoma
753547,CPC-N,753547,SCLC,lung,lung_small_cell_carcinoma
906807,CRO-AP2,906807,DLBC,blood,B_cell_lymphoma
1297440,CRO-AP3,1297440,UNCLASSIFIED,blood,B_cell_lymphoma
1290795,CS1,1290795,UNCLASSIFIED,bone,bone_other
949088,CTB-1,949088,DLBC,blood,B_cell_lymphoma
753548,CTV-1,753548,LAML,blood,acute_myeloid_leukaemia
910554,CW-2,910554,COREAD,digestive_system,large_intestine
906824,Ca-Ski,906824,CESC,urogenital_system,cervix
753538,Ca9-22,753538,HNSC,aero_digestive_tract,head_and_neck
924108,CaR-1,924108,COREAD,digestive_system,large_intestine
724858,Calu-1,724858,UNCLASSIFIED,lung,lung_NSCLC_adenocarcinoma
687777,Calu-3,687777,LUAD,lung,lung_NSCLC_adenocarcinoma
724859,Calu-6,724859,LUAD,lung,lung_NSCLC_adenocarcinoma
906825,Caov-3,906825,OV,urogenital_system,ovary
949090,Caov-4,949090,OV,urogenital_system,ovary
910915,Capan-2,910915,PAAD,pancreas,pancreas
687596,ChaGo-K-1,687596,UNCLASSIFIED,lung,lung_NSCLC_not_specified
946367,D-247MG,946367,GBM,nervous_system,glioma
946368,D-263MG,946368,GBM,nervous_system,glioma
906834,D-283MED,906834,MB,nervous_system,medulloblastoma
946369,D-336MG,946369,LGG,nervous_system,glioma
946370,D-392MG,946370,GBM,nervous_system,glioma
946372,D-423MG,946372,GBM,nervous_system,glioma
946373,D-502MG,946373,LGG,nervous_system,glioma
753549,D-542MG,753549,GBM,nervous_system,glioma
946377,D-566MG,946377,GBM,nervous_system,glioma
1290797,DAN-G,1290797,PAAD,pancreas,pancreas
906832,DB,906832,DLBC,blood,B_cell_lymphoma
906835,DBTRG-05MG,906835,GBM,nervous_system,glioma
906836,DEL,906836,UNCLASSIFIED,blood,lymphoid_neoplasm_other
906838,DG-75,906838,UNCLASSIFIED,blood,Burkitt_lymphoma
1789883,DIFI,1789883,COREAD,digestive_system,large_intestine
906841,DJM-1,906841,UNCLASSIFIED,skin,skin_other
906839,DK-MG,906839,GBM,nervous_system,glioma
687983,DMS-114,687983,SCLC,lung,lung_small_cell_carcinoma
687984,DMS-153,687984,UNCLASSIFIED,lung,lung_small_cell_carcinoma
687985,DMS-273,687985,SCLC,lung,lung_small_cell_carcinoma
907295,DMS-53,907295,SCLC,lung,lung_small_cell_carcinoma
753551,DMS-79,753551,SCLC,lung,lung_small_cell_carcinoma
1297446,DND-41,1297446,ALL,blood,T_cell_leukemia
906842,DOHH-2,906842,DLBC,blood,B_cell_lymphoma
910936,DOK,910936,HNSC,aero_digestive_tract,head_and_neck
1479987,DOV13,1479987,OV,urogenital_system,ovary
753552,DSH1,753552,BLCA,urogenital_system,bladder
905935,DU-145,905935,PRAD,urogenital_system,prostate
906844,DU-4475,906844,BRCA,breast,breast
753553,DV-90,753553,UNCLASSIFIED,lung,lung_NSCLC_adenocarcinoma
906833,Daoy,906833,MB,nervous_system,medulloblastoma
906831,Daudi,906831,UNCLASSIFIED,blood,Burkitt_lymphoma
906837,Detroit562,906837,HNSC,aero_digestive_tract,head_and_neck
906843,DoTc2-4510,906843,CESC,urogenital_system,cervix
906847,EB-3,906847,UNCLASSIFIED,blood,Burkitt_lymphoma
906846,EB2,906846,UNCLASSIFIED,blood,Burkitt_lymphoma
753554,EBC-1,753554,LUSC,lung,lung_NSCLC_squamous_cell_carcinoma
753555,EC-GI-10,753555,ESCA,aero_digestive_tract,oesophagus
906848,ECC10,906848,UNCLASSIFIED,digestive_system,stomach
906849,ECC12,906849,UNCLASSIFIED,digestive_system,stomach
906850,ECC4,906850,UNCLASSIFIED,digestive_system,digestive_system_other
924109,EFE-184,924109,UNCLASSIFIED,urogenital_system,endometrium
906851,EFM-19,906851,BRCA,breast,breast
1290798,EFM-192A,1290798,BRCA,breast,breast
911905,EFO-21,911905,OV,urogenital_system,ovary
906852,EFO-27,906852,UNCLASSIFIED,urogenital_system,ovary
906853,EGI-1,906853,UNCLASSIFIED,digestive_system,biliary_tract
906854,EHEB,906854,CLL,blood,lymphoid_neoplasm_other
1297447,EJM,1297447,MM,blood,lymphoid_neoplasm_other
905970,EKVX,905970,LUAD,lung,lung_NSCLC_adenocarcinoma
906855,EM-2,906855,LCML,blood,chronic_myeloid_leukaemia
1503369,EMC-BAC-1,1503369,LUAD,lung,lung_NSCLC_adenocarcinoma
1503370,EMC-BAC-2,1503370,LUAD,lung,lung_NSCLC_adenocarcinoma
1240127,EN,1240127,UCEC,urogenital_system,endometrium
753556,EPLC-272H,753556,LUSC,lung,lung_NSCLC_squamous_cell_carcinoma
1240128,ES-2,1240128,UNCLASSIFIED,urogenital_system,ovary
949158,ES1,949158,UNCLASSIFIED,bone,ewings_sarcoma
684055,ES3,684055,UNCLASSIFIED,bone,ewings_sarcoma
949156,ES4,949156,UNCLASSIFIED,bone,ewings_sarcoma
684057,ES5,684057,UNCLASSIFIED,bone,ewings_sarcoma
949157,ES6,949157,UNCLASSIFIED,bone,ewings_sarcoma
684059,ES7,684059,UNCLASSIFIED,bone,ewings_sarcoma
949155,ES8,949155,UNCLASSIFIED,bone,ewings_sarcoma
1503366,ESO26,1503366,ESCA,aero_digestive_tract,oesophagus
1503367,ESO51,1503367,ESCA,aero_digestive_tract,oesophagus
907000,ESS-1,907000,UNCLASSIFIED,urogenital_system,endometrium
906861,ETK-1,906861,UNCLASSIFIED,digestive_system,biliary_tract
906862,EVSA-T,906862,BRCA,breast,breast
949163,EW-1,949163,UNCLASSIFIED,bone,ewings_sarcoma
684062,EW-11,684062,UNCLASSIFIED,bone,ewings_sarcoma
949162,EW-12,949162,UNCLASSIFIED,bone,ewings_sarcoma
949166,EW-13,949166,UNCLASSIFIED,bone,ewings_sarcoma
949165,EW-16,949165,UNCLASSIFIED,bone,ewings_sarcoma
949164,EW-18,949164,UNCLASSIFIED,bone,ewings_sarcoma
949167,EW-22,949167,UNCLASSIFIED,bone,ewings_sarcoma
949168,EW-24,949168,UNCLASSIFIED,bone,ewings_sarcoma
949161,EW-3,949161,UNCLASSIFIED,bone,ewings_sarcoma
949160,EW-7,949160,UNCLASSIFIED,bone,ewings_sarcoma
1290801,EW7476,1290801,UNCLASSIFIED,bone,osteosarcoma
906856,EoL-1-cell,906856,UNCLASSIFIED,blood,haematopoietic_neoplasm_other
906863,FADU,906863,HNSC,aero_digestive_tract,head_and_neck
1503361,FLO-1,1503361,ESCA,aero_digestive_tract,oesophagus
906864,FTC-133,906864,THCA,thyroid,thyroid
1240129,FU-OV-1,1240129,OV,urogenital_system,ovary
1290806,FU97,1290806,STAD,digestive_system,stomach
1297449,Farage,1297449,DLBC,blood,B_cell_lymphoma
1290807,G-292-Clone-A141B1,1290807,UNCLASSIFIED,bone,osteosarcoma
906865,G-361,906865,SKCM,skin,melanoma
907299,G-401,907299,UNCLASSIFIED,kidney,kidney
907298,G-402,907298,UNCLASSIFIED,soft_tissue,soft_tissue_other
1240130,G-MEL,1240130,SKCM,skin,melanoma
1303896,GA-10,1303896,UNCLASSIFIED,blood,Burkitt_lymphoma
910932,GAK,910932,SKCM,skin,melanoma
906868,GAMG,906868,LGG,nervous_system,glioma
687568,GB-1,687568,GBM,nervous_system,glioma
906869,GCIY,906869,STAD,digestive_system,stomach
906999,GCT,906999,UNCLASSIFIED,soft_tissue,soft_tissue_other
906870,GDM-1,906870,LAML,blood,acute_myeloid_leukaemia
906871,GI-1,906871,LGG,nervous_system,glioma
906872,GI-ME-N,906872,NB,nervous_system,neuroblastoma
906873,GMS-10,906873,GBM,nervous_system,glioma
906875,GOTO,906875,NB,nervous_system,neuroblastoma
907291,GP5d,907291,COREAD,digestive_system,large_intestine
906877,GR-ST,906877,ALL,blood,lymphoblastic_leukemia
1303897,GRANTA-519,1303897,DLBC,blood,B_cell_lymphoma
907041,GT3TKB,907041,STAD,digestive_system,stomach
907290,H-EMC-SS,907290,UNCLASSIFIED,bone,chondrosarcoma
1290808,H2369,1290808,MESO,lung,mesothelioma
1290809,H2373,1290809,MESO,lung,mesothelioma
1290810,H2461,1290810,MESO,lung,mesothelioma
1240131,H2591,1240131,MESO,lung,mesothelioma
1240132,H2595,1240132,MESO,lung,mesothelioma
1240133,H2596,1240133,UNCLASSIFIED,lung,mesothelioma
1290812,H2722,1290812,MESO,lung,mesothelioma
1240134,H2731,1240134,MESO,lung,mesothelioma
1290813,H2795,1290813,MESO,lung,mesothelioma
1240135,H2803,1240135,MESO,lung,mesothelioma
1240136,H2804,1240136,MESO,lung,mesothelioma
1240137,H2810,1240137,MESO,lung,mesothelioma
1290814,H2818,1290814,MESO,lung,mesothelioma
1240138,H2869,1240138,MESO,lung,mesothelioma
1240139,H290,1240139,MESO,lung,mesothelioma
1240140,H3118,1240140,UNCLASSIFIED,aero_digestive_tract,head_and_neck
1247873,H3255,1247873,LUAD,lung,lung_NSCLC_adenocarcinoma
907042,H4,907042,LGG,nervous_system,glioma
1240141,H513,1240141,MESO,lung,mesothelioma
907043,H9,907043,UNCLASSIFIED,blood,lymphoid_neoplasm_other
753558,HA7-RCC,753558,KIRC,kidney,kidney
949153,HAL-01,949153,ALL,blood,lymphoblastic_leukemia
1240142,HARA,1240142,LUSC,lung,lung_NSCLC_squamous_cell_carcinoma
907044,HC-1,907044,UNCLASSIFIED,blood,hairy_cell_leukaemia
1240143,HCC-15,1240143,LUSC,lung,lung_NSCLC_squamous_cell_carcinoma
1303901,HCC-33,1303901,SCLC,lung,lung_small_cell_carcinoma
1240144,HCC-366,1240144,UNCLASSIFIED,lung,lung_NSCLC_not_specified
1240145,HCC-44,1240145,LUAD,lung,lung_NSCLC_adenocarcinoma
1290907,HCC-56,1290907,COREAD,digestive_system,large_intestine
1290908,HCC-78,1290908,LUAD,lung,lung_NSCLC_adenocarcinoma
1240146,HCC-827,1240146,LUAD,lung,lung_NSCLC_adenocarcinoma
749710,HCC1143,749710,BRCA,breast,breast
749711,HCC1187,749711,BRCA,breast,breast
749712,HCC1395,749712,BRCA,breast,breast
907045,HCC1419,907045,BRCA,breast,breast
1290905,HCC1428,1290905,BRCA,breast,breast
1303900,HCC1500,1303900,BRCA,breast,breast
907046,HCC1569,907046,BRCA,breast,breast
749713,HCC1599,749713,BRCA,breast,breast
907047,HCC1806,907047,UNCLASSIFIED,breast,breast
749714,HCC1937,749714,BRCA,breast,breast
749709,HCC1954,749709,BRCA,breast,breast
1290906,HCC202,1290906,BRCA,breast,breast
749715,HCC2157,749715,BRCA,breast,breast
749716,HCC2218,749716,BRCA,breast,breast
905971,HCC2998,905971,COREAD,digestive_system,large_intestine
749717,HCC38,749717,BRCA,breast,breast
907048,HCC70,907048,BRCA,breast,breast
753559,HCE-4,753559,ESCA,aero_digestive_tract,oesophagus
905936,HCT-116,905936,COREAD,digestive_system,large_intestine
905937,HCT-15,905937,COREAD,digestive_system,large_intestine
907050,HD-MY-Z,907050,UNCLASSIFIED,blood,Hodgkin_lymphoma
924110,HDLM-2,924110,UNCLASSIFIED,blood,Hodgkin_lymphoma
1290922,HDQ-P1,1290922,BRCA,breast,breast
907051,HEC-1,907051,UCEC,urogenital_system,endometrium
907053,HEL,907053,LAML,blood,acute_myeloid_leukaemia
907055,HGC-27,907055,STAD,digestive_system,stomach
907056,HH,907056,UNCLASSIFIED,blood,T_cell_leukemia
905938,HL-60,905938,LAML,blood,acute_myeloid_leukaemia
907057,HLE,907057,LIHC,digestive_system,liver
907058,HMV-II,907058,SKCM,skin,melanoma
907059,HN,907059,HNSC,aero_digestive_tract,head_and_neck
924111,HO-1-N-1,924111,HNSC,aero_digestive_tract,head_and_neck
753561,HO-1-u-1,753561,HNSC,aero_digestive_tract,head_and_neck
905972,HOP-62,905972,LUAD,lung,lung_NSCLC_adenocarcinoma
905973,HOP-92,905973,UNCLASSIFIED,lung,lung_NSCLC_large_cell
907060,HOS,907060,UNCLASSIFIED,bone,osteosarcoma
1298136,HPAC,1298136,PAAD,pancreas,pancreas
724869,HPAF-II,724869,PAAD,pancreas,pancreas
753562,HSC-2,753562,HNSC,aero_digestive_tract,head_and_neck
907061,HSC-3,907061,HNSC,aero_digestive_tract,head_and_neck
1322224,HSC-39,1322224,STAD,digestive_system,stomach
907062,HSC-4,907062,HNSC,aero_digestive_tract,head_and_neck
907063,HT,907063,DLBC,blood,B_cell_lymphoma
907064,HT-1080,907064,UNCLASSIFIED,soft_tissue,fibrosarcoma
907289,HT-115,907289,COREAD,digestive_system,large_intestine
907065,HT-1197,907065,BLCA,urogenital_system,bladder
907066,HT-1376,907066,BLCA,urogenital_system,bladder
907067,HT-144,907067,SKCM,skin,melanoma
905939,HT-29,905939,COREAD,digestive_system,large_intestine
907068,HT-3,907068,CESC,urogenital_system,cervix
907287,HT55,907287,COREAD,digestive_system,large_intestine
924151,HTC-C3,924151,THCA,thyroid,thyroid
907070,HUH-6-clone5,907070,UNCLASSIFIED,digestive_system,liver
907073,HUTU-80,907073,UNCLASSIFIED,digestive_system,digestive_system_other
1298134,HeLa,1298134,CESC,urogenital_system,cervix
1240147,Hep3B2-1-7,1240147,LIHC,digestive_system,liver
1479988,Hey,1479988,OV,urogenital_system,ovary
1322218,Hs-445,1322218,UNCLASSIFIED,blood,Hodgkin_lymphoma
905957,Hs-578-T,905957,BRCA,breast,breast
1240149,Hs-633T,1240149,UNCLASSIFIED,soft_tissue,fibrosarcoma
1240150,Hs-683,1240150,LGG,nervous_system,glioma
1298141,Hs-766T,1298141,PAAD,pancreas,pancreas
1298144,Hs-939-T,1298144,SKCM,skin,melanoma
1298145,Hs-940-T,1298145,SKCM,skin,melanoma
1240151,Hs746T,1240151,STAD,digestive_system,stomach
907069,HuCCT1,907069,UNCLASSIFIED,digestive_system,biliary_tract
907071,HuH-7,907071,LIHC,digestive_system,liver
909977,HuO-3N1,909977,UNCLASSIFIED,bone,osteosarcoma
907072,HuO9,907072,UNCLASSIFIED,bone,osteosarcoma
907285,HuP-T3,907285,PAAD,pancreas,pancreas
907286,HuP-T4,907286,PAAD,pancreas,pancreas
910779,IA-LM,910779,UNCLASSIFIED,lung,lung_NSCLC_large_cell
907169,IGR-1,907169,SKCM,skin,melanoma
1240153,IGR-37,1240153,SKCM,skin,melanoma
905968,IGROV-1,905968,OV,urogenital_system,ovary
1240154,IHH-4,1240154,THCA,thyroid,thyroid
753563,IM-9,753563,MM,blood,myeloma
1240155,IM-95,1240155,STAD,digestive_system,stomach
907170,IMR-5,907170,NB,nervous_system,neuroblastoma
1479991,IOSE-364(-),1479991,UNCLASSIFIED,urogenital_system,ovary
1479992,IOSE-397,1479992,UNCLASSIFIED,urogenital_system,ovary
1479993,IOSE-523(-),1479993,UNCLASSIFIED,urogenital_system,ovary
1479994,IOSE-75-16SV40,1479994,UNCLASSIFIED,urogenital_system,ovary
907171,IPC-298,907171,SKCM,skin,melanoma
907172,IST-MEL1,907172,SKCM,skin,melanoma
907173,IST-MES1,907173,MESO,lung,mesothelioma
753564,IST-SL1,753564,SCLC,lung,lung_small_cell_carcinoma
753565,IST-SL2,753565,SCLC,lung,lung_small_cell_carcinoma
1240156,Ishikawa(Heraklio)02ER-,1240156,UNCLASSIFIED,urogenital_system,uterus
907391,J-RT3-T3-5,907391,UNCLASSIFIED,blood,lymphoblastic_T_cell_leukaemia
753566,J82,753566,BLCA,urogenital_system,bladder
907175,JAR,907175,UNCLASSIFIED,urogenital_system,urogenital_system_other
907176,JEG-3,907176,UNCLASSIFIED,urogenital_system,urogenital_system_other
1327765,JEKO-1,1327765,DLBC,blood,B_cell_lymphoma
1298151,JHH-1,1298151,LIHC,digestive_system,liver
1240157,JHH-2,1240157,LIHC,digestive_system,liver
1240158,JHH-4,1240158,LIHC,digestive_system,liver
1240159,JHH-6,1240159,LIHC,digestive_system,liver
1240160,JHH-7,1240160,LIHC,digestive_system,liver
1479995,JHOS-2,1479995,OV,urogenital_system,ovary
1480358,JHOS-3,1480358,OV,urogenital_system,ovary
1480359,JHOS-4,1480359,OV,urogenital_system,ovary
1240161,JHU-011,1240161,HNSC,aero_digestive_tract,head_and_neck
1298152,JHU-013,1298152,UNCLASSIFIED,aero_digestive_tract,head_and_neck
1298153,JHU-019,1298153,UNCLASSIFIED,aero_digestive_tract,head_and_neck
1240162,JHU-022,1240162,HNSC,aero_digestive_tract,head_and_neck
1298154,JHU-028,1298154,UNCLASSIFIED,aero_digestive_tract,head_and_neck
1298156,JHU-029,1298156,HNSC,aero_digestive_tract,head_and_neck
1298157,JIMT-1,1298157,BRCA,breast,breast
1327766,JJN-3,1327766,MM,blood,haematopoietic_neoplasm_other
1327768,JM1,1327768,DLBC,blood,B_cell_lymphoma
1327769,JSC-1,1327769,DLBC,blood,B_cell_lymphoma
1327771,JURL-MK1,1327771,LCML,blood,chronic_myeloid_leukaemia
907269,JVM-2,907269,CLL,blood,lymphoid_neoplasm_other
907270,JVM-3,907270,CLL,blood,lymphoid_neoplasm_other
907268,JiyoyeP-2003,907268,UNCLASSIFIED,blood,Burkitt_lymphoma
998184,Jurkat,998184,ALL,blood,T_cell_leukemia
905940,K-562,905940,LCML,blood,chronic_myeloid_leukaemia
907284,K052,907284,UNCLASSIFIED,blood,acute_myeloid_leukaemia
1298158,K1,1298158,UNCLASSIFIED,skin,melanoma
1298159,K19,1298159,UNCLASSIFIED,skin,melanoma
1298160,K2,1298160,SKCM,skin,melanoma
1298161,K4,1298161,UNCLASSIFIED,skin,melanoma
924238,K5,924238,THCA,thyroid,thyroid
1298162,K8,1298162,UNCLASSIFIED,skin,melanoma
907271,KALS-1,907271,LGG,nervous_system,glioma
1327773,KARPAS-1106P,1327773,DLBC,blood,B_cell_lymphoma
1327774,KARPAS-231,1327774,UNCLASSIFIED,blood,B_cell_leukemia
907273,KARPAS-299,907273,UNCLASSIFIED,blood,anaplastic_large_cell_lymphoma
907274,KARPAS-422,907274,DLBC,blood,B_cell_lymphoma
907272,KARPAS-45,907272,ALL,blood,lymphoblastic_leukemia
1327775,KARPAS-620,1327775,MM,blood,haematopoietic_neoplasm_other
907275,KASUMI-1,907275,LAML,blood,acute_myeloid_leukaemia
907276,KATOIII,907276,STAD,digestive_system,stomach
1330931,KCL-22,1330931,LCML,blood,chronic_myeloid_leukaemia
907277,KE-37,907277,ALL,blood,lymphoblastic_leukemia
753618,KELLY,753618,NB,nervous_system,neuroblastoma
907278,KG-1,907278,LAML,blood,acute_myeloid_leukaemia
1240164,KG-1-C,1240164,UNCLASSIFIED,nervous_system,glioma
924186,KGN,924186,UNCLASSIFIED,urogenital_system,ovary
907279,KINGS-1,907279,LGG,nervous_system,glioma
924187,KLE,924187,UCEC,urogenital_system,endometrium
909976,KM-H2,909976,UNCLASSIFIED,blood,Hodgkin_lymphoma
905989,KM12,905989,COREAD,digestive_system,large_intestine
1298167,KMH-2,1298167,THCA,thyroid,thyroid
907280,KMOE-2,907280,LAML,blood,acute_myeloid_leukaemia
1298168,KMRC-1,1298168,KIRC,kidney,kidney
1298169,KMRC-20,1298169,KIRC,kidney,kidney
1659817,KMS-11,1659817,MM,blood,myeloma
907281,KMS-12-BM,907281,MM,blood,myeloma
907282,KNS-42,907282,LGG,nervous_system,glioma
753569,KNS-62,753569,LUSC,lung,lung_NSCLC_squamous_cell_carcinoma
924188,KNS-81-FD,924188,LGG,nervous_system,glioma
1298215,KON,1298215,HNSC,aero_digestive_tract,head_and_neck
1330933,KOPN-8,1330933,UNCLASSIFIED,blood,B_cell_leukemia
753570,KOSC-2,753570,HNSC,aero_digestive_tract,head_and_neck
1298216,KP-1N,1298216,PAAD,pancreas,pancreas
1298218,KP-2,1298218,PAAD,pancreas,pancreas
1298219,KP-3,1298219,UNCLASSIFIED,pancreas,pancreas
753572,KP-4,753572,PAAD,pancreas,pancreas
924189,KP-N-RT-BM-1,924189,NB,nervous_system,neuroblastoma
907314,KP-N-YN,907314,NB,nervous_system,neuroblastoma
946363,KP-N-YS,946363,NB,nervous_system,neuroblastoma
907313,KS-1,907313,GBM,nervous_system,glioma
907312,KU-19-19,907312,BLCA,urogenital_system,bladder
907311,KU812,907311,LCML,blood,chronic_myeloid_leukaemia
909975,KURAMOCHI,909975,UNCLASSIFIED,urogenital_system,ovary
907300,KY821,907300,LAML,blood,leukemia
1503368,KYAE-1,1503368,ESCA,aero_digestive_tract,oesophagus
1240166,KYM-1,1240166,UNCLASSIFIED,soft_tissue,rhabdomyosarcoma
753573,KYSE-140,753573,ESCA,aero_digestive_tract,oesophagus
907317,KYSE-150,907317,ESCA,aero_digestive_tract,oesophagus
907318,KYSE-180,907318,ESCA,aero_digestive_tract,oesophagus
1240167,KYSE-220,1240167,ESCA,aero_digestive_tract,oesophagus
907319,KYSE-270,907319,ESCA,aero_digestive_tract,oesophagus
1298221,KYSE-30,1298221,UNCLASSIFIED,aero_digestive_tract,oesophagus
753574,KYSE-410,753574,ESCA,aero_digestive_tract,oesophagus
907320,KYSE-450,907320,ESCA,aero_digestive_tract,oesophagus
1298222,KYSE-50,1298222,ESCA,aero_digestive_tract,oesophagus
907321,KYSE-510,907321,ESCA,aero_digestive_tract,oesophagus
753575,KYSE-520,753575,ESCA,aero_digestive_tract,oesophagus
753576,KYSE-70,753576,ESCA,aero_digestive_tract,oesophagus
1327776,Kasumi-3,1327776,UNCLASSIFIED,blood,acute_myeloid_leukaemia
1330935,L-1236,1330935,UNCLASSIFIED,blood,Hodgkin_lymphoma
924239,L-363,924239,MM,blood,myeloma
907322,L-428,907322,UNCLASSIFIED,blood,Hodgkin_lymphoma
907323,L-540,907323,UNCLASSIFIED,blood,Hodgkin_lymphoma
907783,LAMA-84,907783,LCML,blood,chronic_myeloid_leukaemia
949170,LAN-6,949170,NB,nervous_system,neuroblastoma
753577,LB1047-RCC,753577,KIRC,kidney,kidney
753578,LB2241-RCC,753578,KIRC,kidney,kidney
753579,LB2518-MEL,753579,SKCM,skin,melanoma
753581,LB373-MEL-D,753581,SKCM,skin,melanoma
753582,LB647-SCLC,753582,SCLC,lung,lung_small_cell_carcinoma
753583,LB771-HNC,753583,HNSC,aero_digestive_tract,head_and_neck
753584,LB831-BLC,753584,BLCA,urogenital_system,bladder
753585,LB996-RCC,753585,KIRC,kidney,kidney
1298223,LC-1-sq,1298223,LUSC,lung,lung_NSCLC_squamous_cell_carcinoma
907785,LC-1F,907785,UNCLASSIFIED,lung,lung_NSCLC_squamous_cell_carcinoma
907786,LC-2-ad,907786,LUAD,lung,lung_NSCLC_adenocarcinoma
907787,LC4-1,907787,ALL,blood,lymphoblastic_leukemia
753586,LCLC-103H,753586,UNCLASSIFIED,lung,lung_NSCLC_large_cell
946361,LCLC-97TM1,946361,UNCLASSIFIED,lung,lung_NSCLC_large_cell
869795,LIM1215,869795,UNCLASSIFIED,,
687787,LK-2,687787,LUSC,lung,lung_NSCLC_squamous_cell_carcinoma
1240168,LN-18,1240168,GBM,nervous_system,glioma
1240169,LN-229,1240169,GBM,nervous_system,glioma
910694,LN-405,910694,GBM,nervous_system,glioma
907788,LNCaP-Clone-FGC,907788,PRAD,urogenital_system,prostate
1240170,LNZTA3WT4,1240170,GBM,nervous_system,glioma
1298226,LOU-NH91,1298226,LUSC,lung,lung_NSCLC_squamous_cell_carcinoma
907789,LOUCY,907789,ALL,blood,lymphoblastic_T_cell_leukaemia
905974,LOXIMVI,905974,SKCM,skin,melanoma
907791,LP-1,907791,MM,blood,myeloma
917486,LS-1034,917486,COREAD,digestive_system,large_intestine
907792,LS-123,907792,COREAD,digestive_system,large_intestine
998189,LS-180,998189,COREAD,digestive_system,large_intestine
907794,LS-411N,907794,COREAD,digestive_system,large_intestine
907795,LS-513,907795,COREAD,digestive_system,large_intestine
753588,LU-134-A,753588,SCLC,lung,lung_small_cell_carcinoma
713899,LU-135,713899,SCLC,lung,lung_small_cell_carcinoma
713878,LU-139,713878,SCLC,lung,lung_small_cell_carcinoma
753589,LU-165,753589,SCLC,lung,lung_small_cell_carcinoma
724863,LU-65,724863,UNCLASSIFIED,lung,lung_NSCLC_large_cell
907796,LU-99A,907796,UNCLASSIFIED,lung,lung_NSCLC_large_cell
753592,LXF-289,753592,LUAD,lung,lung_NSCLC_adenocarcinoma
907790,LoVo,907790,COREAD,digestive_system,large_intestine
949094,M059J,949094,GBM,nervous_system,glioma
905975,M14,905975,SKCM,skin,melanoma
1298233,MB157,1298233,UNCLASSIFIED,breast,breast
907798,MC-1010,907798,UNCLASSIFIED,blood,acute_myeloid_leukaemia
683665,MC-CAR,683665,MM,blood,haematopoietic_neoplasm_other
908118,MC-IXC,908118,NB,nervous_system,neuroblastoma
907799,MC116,907799,DLBC,blood,B_cell_lymphoma
1240171,MCAS,1240171,UNCLASSIFIED,urogenital_system,ovary
1333003,MCC13,1333003,UNCLASSIFIED,skin,Merkel_cell_carcinoma
1298234,MCC26,1298234,UNCLASSIFIED,skin,Merkel_cell_carcinoma
905946,MCF7,905946,BRCA,breast,breast
908119,MDA-MB-134-VI,908119,UNCLASSIFIED,breast,breast
925338,MDA-MB-157,925338,BRCA,breast,breast
908120,MDA-MB-175-VII,908120,BRCA,breast,breast
905960,MDA-MB-231,905960,BRCA,breast,breast
1330941,MDA-MB-330,1330941,BRCA,breast,breast
908121,MDA-MB-361,908121,BRCA,breast,breast
924240,MDA-MB-415,924240,BRCA,breast,breast
1240172,MDA-MB-436,1240172,BRCA,breast,breast
908122,MDA-MB-453,908122,BRCA,breast,breast
908123,MDA-MB-468,908123,BRCA,breast,breast
1240173,MDST8,1240173,COREAD,digestive_system,large_intestine
1330942,ME-1,1330942,LAML,blood,acute_myeloid_leukaemia
687514,ME-180,687514,CESC,urogenital_system,cervix
1330943,MEC-1,1330943,UNCLASSIFIED,blood,B_cell_leukemia
908126,MEG-01,908126,LCML,blood,chronic_myeloid_leukaemia
908124,MEL-HO,908124,SKCM,skin,melanoma
908125,MEL-JUSO,908125,SKCM,skin,melanoma
908127,MES-SA,908127,UNCLASSIFIED,urogenital_system,uterus
908129,MFE-280,908129,UCEC,urogenital_system,endometrium
908130,MFE-296,908130,UCEC,urogenital_system,endometrium
1240174,MFE-319,1240174,UCEC,urogenital_system,endometrium
925343,MFH-ino,925343,UNCLASSIFIED,soft_tissue,soft_tissue_other
910948,MFM-223,910948,BRCA,breast,breast
908131,MG-63,908131,UNCLASSIFIED,bone,osteosarcoma
908132,MHH-CALL-2,908132,UNCLASSIFIED,blood,B_cell_leukemia
908134,MHH-ES-1,908134,UNCLASSIFIED,bone,ewings_sarcoma
908135,MHH-NB-11,908135,NB,nervous_system,neuroblastoma
908136,MHH-PREB-1,908136,UNCLASSIFIED,blood,B_cell_leukemia
724870,MIA-PaCa-2,724870,PAAD,pancreas,pancreas
1333014,MKL-1-subclone-2,1333014,UNCLASSIFIED,skin,Merkel_cell_carcinoma
1333015,MKL-2,1333015,UNCLASSIFIED,skin,Merkel_cell_carcinoma
908138,MKN1,908138,UNCLASSIFIED,digestive_system,stomach
908139,MKN28,908139,STAD,digestive_system,stomach
925340,MKN45,925340,STAD,digestive_system,stomach
924250,MKN7,924250,STAD,digestive_system,stomach
1240178,ML-1,1240178,THCA,thyroid,thyroid
908141,ML-2,908141,LAML,blood,acute_myeloid_leukaemia
908142,MLMA,908142,UNCLASSIFIED,blood,hairy_cell_leukaemia
1659818,MM1S,1659818,MM,blood,myeloma
925339,MMAC-SF,925339,SKCM,skin,melanoma
908143,MN-60,908143,UNCLASSIFIED,blood,B_cell_leukemia
908144,MOG-G-CCM,908144,LGG,nervous_system,glioma
908145,MOG-G-UVW,908145,LGG,nervous_system,glioma
1330947,MOLM-13,1330947,LAML,blood,acute_myeloid_leukaemia
1330948,MOLM-16,1330948,LAML,blood,acute_myeloid_leukaemia
1330950,MOLP-8,1330950,MM,blood,myeloma
908146,MOLT-13,908146,ALL,blood,lymphoblastic_T_cell_leukaemia
908147,MOLT-16,908147,ALL,blood,lymphoblastic_T_cell_leukaemia
905958,MOLT-4,905958,ALL,blood,lymphoblastic_leukemia
908148,MONO-MAC-6,908148,LAML,blood,acute_myeloid_leukaemia
908150,MPP-89,908150,MESO,lung,mesothelioma
908151,MRK-nu-1,908151,BRCA,breast,breast
753594,MS-1,753594,SCLC,lung,lung_small_cell_carcinoma
1240179,MS751,1240179,CESC,urogenital_system,cervix
908152,MSTO-211H,908152,MESO,lung,mesothelioma
908156,MV-4-11,908156,UNCLASSIFIED,blood,leukemia
1330960,MY-M12,1330960,ALL,blood,leukemia
753595,MZ1-PC,753595,PAAD,pancreas,pancreas
971777,MZ2-MEL,971777,SKCM,skin,melanoma
753596,MZ7-mel,753596,SKCM,skin,melanoma
908128,Mewo,908128,SKCM,skin,melanoma
908149,Mo-T,908149,UNCLASSIFIED,blood,hairy_cell_leukaemia
908158,NALM-6,908158,UNCLASSIFIED,blood,B_cell_leukemia
908159,NAMALWA,908159,UNCLASSIFIED,blood,Burkitt_lymphoma
1240181,NB(TU)1-10,1240181,NB,nervous_system,neuroblastoma
949179,NB1,949179,NB,nervous_system,neuroblastoma
949171,NB10,949171,NB,nervous_system,neuroblastoma
949172,NB12,949172,NB,nervous_system,neuroblastoma
949177,NB13,949177,NB,nervous_system,neuroblastoma
949178,NB14,949178,NB,nervous_system,neuroblastoma
949175,NB17,949175,NB,nervous_system,neuroblastoma
1323913,NB4,1323913,LAML,blood,acute_myeloid_leukaemia
949176,NB5,949176,NB,nervous_system,neuroblastoma
949173,NB6,949173,NB,nervous_system,neuroblastoma
908440,NB69,908440,NB,nervous_system,neuroblastoma
949174,NB7,949174,NB,nervous_system,neuroblastoma
925342,NBsusSR,925342,UNCLASSIFIED,nervous_system,neuroblastoma
1509073,NCC010,1509073,KIRC,kidney,kidney
1509074,NCC021,1509074,KIRC,kidney,kidney
687995,NCI-H1048,687995,SCLC,lung,lung_small_cell_carcinoma
687997,NCI-H1092,687997,SCLC,lung,lung_small_cell_carcinoma
908468,NCI-H1105,908468,SCLC,lung,lung_small_cell_carcinoma
908467,NCI-H1155,908467,UNCLASSIFIED,lung,lung_NSCLC_large_cell
688000,NCI-H1184,688000,UNCLASSIFIED,lung,lung_small_cell_carcinoma
753597,NCI-H128,753597,SCLC,lung,lung_small_cell_carcinoma
724831,NCI-H1299,724831,UNCLASSIFIED,lung,lung_NSCLC_large_cell
753599,NCI-H1304,753599,SCLC,lung,lung_small_cell_carcinoma
1330964,NCI-H1341,1330964,SCLC,lung,lung_small_cell_carcinoma
724866,NCI-H1355,724866,LUAD,lung,lung_NSCLC_adenocarcinoma
1330965,NCI-H1385,1330965,UNCLASSIFIED,lung,lung_NSCLC_squamous_cell_carcinoma
684681,NCI-H1395,684681,LUAD,lung,lung_NSCLC_adenocarcinoma
1330969,NCI-H1404,1330969,UNCLASSIFIED,lung,lung_NSCLC_papillary
688001,NCI-H1417,688001,SCLC,lung,lung_small_cell_carcinoma
1298347,NCI-H1435,1298347,LUAD,lung,lung_NSCLC_adenocarcinoma
908469,NCI-H1436,908469,SCLC,lung,lung_small_cell_carcinoma
687794,NCI-H1437,687794,LUAD,lung,lung_NSCLC_adenocarcinoma
910899,NCI-H146,910899,SCLC,lung,lung_small_cell_carcinoma
908464,NCI-H1522,908464,UNCLASSIFIED,lung,lung_small_cell_carcinoma
753600,NCI-H1563,753600,LUAD,lung,lung_NSCLC_adenocarcinoma
1298348,NCI-H1568,1298348,LUAD,lung,lung_NSCLC_adenocarcinoma
908472,NCI-H1573,908472,LUAD,lung,lung_NSCLC_adenocarcinoma
908471,NCI-H1581,908471,UNCLASSIFIED,lung,lung_NSCLC_large_cell
753601,NCI-H1618,753601,UNCLASSIFIED,lung,lung_small_cell_carcinoma
687798,NCI-H1623,687798,LUAD,lung,lung_NSCLC_adenocarcinoma
687799,NCI-H1648,687799,LUAD,lung,lung_NSCLC_adenocarcinoma
687800,NCI-H1650,687800,LUAD,lung,lung_NSCLC_adenocarcinoma
910900,NCI-H1651,910900,LUAD,lung,lung_NSCLC_adenocarcinoma
908473,NCI-H1666,908473,LUAD,lung,lung_NSCLC_adenocarcinoma
1298349,NCI-H1688,1298349,SCLC,lung,lung_small_cell_carcinoma
687802,NCI-H1693,687802,LUAD,lung,lung_NSCLC_adenocarcinoma
688006,NCI-H1694,688006,SCLC,lung,lung_small_cell_carcinoma
908474,NCI-H1703,908474,UNCLASSIFIED,lung,lung_NSCLC_adenocarcinoma
722058,NCI-H1734,722058,LUAD,lung,lung_NSCLC_adenocarcinoma
908475,NCI-H1755,908475,LUAD,lung,lung_NSCLC_adenocarcinoma
687804,NCI-H1770,687804,UNCLASSIFIED,lung,lung_NSCLC_not_specified
1298350,NCI-H1781,1298350,LUAD,lung,lung_NSCLC_adenocarcinoma
724868,NCI-H1792,724868,LUAD,lung,lung_NSCLC_adenocarcinoma
908463,NCI-H1793,908463,LUAD,lung,lung_NSCLC_adenocarcinoma
1240182,NCI-H1836,1240182,SCLC,lung,lung_small_cell_carcinoma
687807,NCI-H1838,687807,LUAD,lung,lung_NSCLC_adenocarcinoma
1240183,NCI-H1869,1240183,LUSC,lung,lung_NSCLC_squamous_cell_carcinoma
688007,NCI-H187,688007,SCLC,lung,lung_small_cell_carcinoma
1330972,NCI-H1876,1330972,SCLC,lung,lung_small_cell_carcinoma
1240184,NCI-H1915,1240184,UNCLASSIFIED,lung,lung_NSCLC_large_cell
908477,NCI-H1926,908477,UNCLASSIFIED,lung,lung_small_cell_carcinoma
1240185,NCI-H1944,1240185,LUAD,lung,lung_NSCLC_adenocarcinoma
1240186,NCI-H196,1240186,SCLC,lung,lung_small_cell_carcinoma
688010,NCI-H1963,688010,SCLC,lung,lung_small_cell_carcinoma
924244,NCI-H1975,924244,LUAD,lung,lung_NSCLC_adenocarcinoma
908476,NCI-H1993,908476,LUAD,lung,lung_NSCLC_adenocarcinoma
724873,NCI-H2009,724873,LUAD,lung,lung_NSCLC_adenocarcinoma
1240187,NCI-H2023,1240187,LUAD,lung,lung_NSCLC_adenocarcinoma
688011,NCI-H2029,688011,SCLC,lung,lung_small_cell_carcinoma
722045,NCI-H2030,722045,LUAD,lung,lung_NSCLC_adenocarcinoma
688058,NCI-H2052,688058,MESO,lung,mesothelioma
1330973,NCI-H2066,1330973,SCLC,lung,lung_small_cell_carcinoma
908480,NCI-H2081,908480,SCLC,lung,lung_small_cell_carcinoma
687812,NCI-H2085,687812,LUAD,lung,lung_NSCLC_adenocarcinoma
724834,NCI-H2087,724834,LUAD,lung,lung_NSCLC_adenocarcinoma
688013,NCI-H209,688013,SCLC,lung,lung_small_cell_carcinoma
924246,NCI-H2107,924246,UNCLASSIFIED,lung,lung_small_cell_carcinoma
1240189,NCI-H211,1240189,SCLC,lung,lung_small_cell_carcinoma
1298351,NCI-H2110,1298351,UNCLASSIFIED,lung,lung_NSCLC_not_specified
722046,NCI-H2122,722046,LUAD,lung,lung_NSCLC_adenocarcinoma
687814,NCI-H2126,687814,UNCLASSIFIED,lung,lung_NSCLC_adenocarcinoma
1298352,NCI-H2135,1298352,UNCLASSIFIED,lung,lung_NSCLC_not_specified
688014,NCI-H2141,688014,SCLC,lung,lung_small_cell_carcinoma
687815,NCI-H2170,687815,LUSC,lung,lung_NSCLC_squamous_cell_carcinoma
688015,NCI-H2171,688015,SCLC,lung,lung_small_cell_carcinoma
1298353,NCI-H2172,1298353,UNCLASSIFIED,lung,lung_NSCLC_not_specified
908481,NCI-H2196,908481,SCLC,lung,lung_small_cell_carcinoma
1330974,NCI-H220,1330974,UNCLASSIFIED,lung,lung_small_cell_carcinoma
688018,NCI-H2227,688018,SCLC,lung,lung_small_cell_carcinoma
687816,NCI-H2228,687816,LUAD,lung,lung_NSCLC_adenocarcinoma
905941,NCI-H226,905941,LUSC,lung,lung_NSCLC_squamous_cell_carcinoma
1298355,NCI-H2286,1298355,UNCLASSIFIED,lung,lung_small_cell_carcinoma
724874,NCI-H2291,724874,LUAD,lung,lung_NSCLC_adenocarcinoma
905942,NCI-H23,905942,LUAD,lung,lung_NSCLC_adenocarcinoma
687819,NCI-H2342,687819,LUAD,lung,lung_NSCLC_adenocarcinoma
687820,NCI-H2347,687820,LUAD,lung,lung_NSCLC_adenocarcinoma
687821,NCI-H2405,687821,LUAD,lung,lung_NSCLC_adenocarcinoma
1298356,NCI-H2444,1298356,UNCLASSIFIED,lung,lung_NSCLC_not_specified
908462,NCI-H2452,908462,MESO,lung,mesothelioma
924241,NCI-H250,924241,SCLC,lung,lung_small_cell_carcinoma
908470,NCI-H28,908470,MESO,lung,mesothelioma
753604,NCI-H292,753604,UNCLASSIFIED,lung,lung_NSCLC_adenocarcinoma
1240190,NCI-H3122,1240190,LUAD,lung,lung_NSCLC_adenocarcinoma
905967,NCI-H322M,905967,LUAD,lung,lung_NSCLC_adenocarcinoma
688021,NCI-H345,688021,SCLC,lung,lung_small_cell_carcinoma
908465,NCI-H358,908465,LUAD,lung,lung_NSCLC_adenocarcinoma
688022,NCI-H378,688022,SCLC,lung,lung_small_cell_carcinoma
908460,NCI-H441,908460,LUAD,lung,lung_NSCLC_adenocarcinoma
688023,NCI-H446,688023,SCLC,lung,lung_small_cell_carcinoma
905943,NCI-H460,905943,UNCLASSIFIED,lung,lung_NSCLC_large_cell
908442,NCI-H508,908442,COREAD,digestive_system,large_intestine
753605,NCI-H510A,753605,SCLC,lung,lung_small_cell_carcinoma
908443,NCI-H520,908443,LUSC,lung,lung_NSCLC_squamous_cell_carcinoma
905944,NCI-H522,905944,LUAD,lung,lung_NSCLC_adenocarcinoma
908483,NCI-H524,908483,SCLC,lung,lung_small_cell_carcinoma
688025,NCI-H526,688025,SCLC,lung,lung_small_cell_carcinoma
908459,NCI-H596,908459,UNCLASSIFIED,lung,lung_NSCLC_adenocarcinoma
908482,NCI-H630,908482,COREAD,digestive_system,large_intestine
688026,NCI-H64,688026,SCLC,lung,lung_small_cell_carcinoma
1240191,NCI-H647,1240191,UNCLASSIFIED,lung,lung_NSCLC_not_specified
722066,NCI-H650,722066,LUAD,lung,lung_NSCLC_adenocarcinoma
687829,NCI-H661,687829,UNCLASSIFIED,lung,lung_NSCLC_large_cell
688027,NCI-H69,688027,SCLC,lung,lung_small_cell_carcinoma
908458,NCI-H716,908458,COREAD,digestive_system,large_intestine
924242,NCI-H719,924242,UNCLASSIFIED,lung,lung_small_cell_carcinoma
687600,NCI-H720,687600,UNCLASSIFIED,lung,lung_NSCLC_carcinoid
724855,NCI-H727,724855,UNCLASSIFIED,lung,lung_NSCLC_carcinoid
688029,NCI-H735,688029,UNCLASSIFIED,lung,lung_small_cell_carcinoma
908457,NCI-H747,908457,COREAD,digestive_system,large_intestine
909194,NCI-H748,909194,SCLC,lung,lung_small_cell_carcinoma
925341,NCI-H810,925341,UNCLASSIFIED,lung,lung_NSCLC_large_cell
688031,NCI-H82,688031,SCLC,lung,lung_small_cell_carcinoma
1333019,NCI-H820,1333019,UNCLASSIFIED,lung,lung_NSCLC_papillary
753607,NCI-H835,753607,UNCLASSIFIED,lung,lung_NSCLC_carcinoid
910399,NCI-H838,910399,LUAD,lung,lung_NSCLC_adenocarcinoma
1240192,NCI-H841,1240192,SCLC,lung,lung_small_cell_carcinoma
1240193,NCI-H847,1240193,SCLC,lung,lung_small_cell_carcinoma
1330977,NCI-H865,1330977,UNCLASSIFIED,lung,lung_small_cell_carcinoma
724825,NCI-H929,724825,MM,blood,myeloma
908461,NCI-N87,908461,STAD,digestive_system,stomach
908444,NCI-SNU-1,908444,STAD,digestive_system,stomach
908446,NCI-SNU-16,908446,STAD,digestive_system,stomach
908445,NCI-SNU-5,908445,STAD,digestive_system,stomach
910942,NEC8,910942,UNCLASSIFIED,urogenital_system,testis
908447,NH-12,908447,NB,nervous_system,neuroblastoma
1330981,NK-92MI,1330981,UNCLASSIFIED,blood,lymphoid_neoplasm_other
908448,NKM-1,908448,LAML,blood,acute_myeloid_leukaemia
908449,NMC-G1,908449,LGG,nervous_system,glioma
908451,NOMO-1,908451,LAML,blood,acute_myeloid_leukaemia
925345,NOS-1,925345,UNCLASSIFIED,bone,osteosarcoma
908454,NTERA-S-cl-D1,908454,UNCLASSIFIED,urogenital_system,testis
1330982,NU-DUL-1,1330982,DLBC,blood,B_cell_lymphoma
908455,NUGC-3,908455,STAD,digestive_system,stomach
1298357,NUGC-4,1298357,STAD,digestive_system,stomach
910849,NY,910849,UNCLASSIFIED,bone,osteosarcoma
1503363,OACM5-1,1503363,ESCA,aero_digestive_tract,oesophagus
1503362,OACp4C,1503362,ESCA,aero_digestive_tract,oesophagus
946360,OAW-28,946360,OV,urogenital_system,ovary
910548,OAW-42,910548,OV,urogenital_system,ovary
909257,OC-314,909257,OV,urogenital_system,ovary
910947,OCI-AML2,910947,LAML,blood,acute_myeloid_leukaemia
1290455,OCI-AML3,1290455,LAML,blood,acute_myeloid_leukaemia
1330983,OCI-AML5,1330983,LAML,blood,acute_myeloid_leukaemia
1330984,OCI-LY-19,1330984,DLBC,blood,B_cell_lymphoma
1659819,OCI-LY7,1659819,DLBC,blood,B_cell_lymphoma
1330985,OCI-M1,1330985,LAML,blood,acute_myeloid_leukaemia
909256,OCUB-M,909256,BRCA,breast,breast
1298358,OCUM-1,1298358,STAD,digestive_system,stomach
910079,OE19,910079,ESCA,aero_digestive_tract,oesophagus
1298359,OE21,1298359,ESCA,aero_digestive_tract,oesophagus
910549,OE33,910549,ESCA,aero_digestive_tract,oesophagus
949154,OMC-1,949154,CESC,urogenital_system,cervix
909248,ONS-76,909248,MB,nervous_system,medulloblastoma
909249,OPM-2,909249,MM,blood,myeloma
909250,OS-RC-2,909250,KIRC,kidney,kidney
1298361,OSA-80,1298361,UNCLASSIFIED,bone,osteosarcoma
1298362,OSC-19,1298362,HNSC,aero_digestive_tract,head_and_neck
1240196,OSC-20,1240196,HNSC,aero_digestive_tract,head_and_neck
1298363,OUMS-23,1298363,UNCLASSIFIED,digestive_system,large_intestine
1480361,OV-17R,1480361,OV,urogenital_system,ovary
1480362,OV-56,1480362,OV,urogenital_system,ovary
1480360,OV-7,1480360,OV,urogenital_system,ovary
1240197,OV-90,1240197,OV,urogenital_system,ovary
1480364,OVCA420,1480364,OV,urogenital_system,ovary
1480366,OVCA432,1480366,UNCLASSIFIED,urogenital_system,ovary
1480367,OVCA433,1480367,OV,urogenital_system,ovary
905933,OVCAR-3,905933,OV,urogenital_system,ovary
905990,OVCAR-4,905990,OV,urogenital_system,ovary
905969,OVCAR-5,905969,OV,urogenital_system,ovary
905991,OVCAR-8,905991,OV,urogenital_system,ovary
1240198,OVISE,1240198,OV,urogenital_system,ovary
1480371,OVK-18,1480371,OV,urogenital_system,ovary
1240199,OVKATE,1240199,OV,urogenital_system,ovary
1240200,OVMIU,1240200,OV,urogenital_system,ovary
1298365,OVTOKO,1298365,OV,urogenital_system,ovary
1330986,P116,1330986,UNCLASSIFIED,blood,lymphoblastic_T_cell_leukaemia
909251,P12-ICHIKAWA,909251,ALL,blood,lymphoblastic_T_cell_leukaemia
909252,P30-OHK,909252,ALL,blood,lymphoblastic_leukemia
909253,P31-FUJ,909253,LAML,blood,acute_myeloid_leukaemia
1330987,P32-ISH,1330987,UNCLASSIFIED,blood,Burkitt_lymphoma
1330988,P3HR-1,1330988,UNCLASSIFIED,blood,Burkitt_lymphoma
909255,PA-1,909255,UNCLASSIFIED,urogenital_system,ovary
1298526,PA-TU-8902,1298526,PAAD,pancreas,pancreas
1240201,PA-TU-8988T,1240201,PAAD,pancreas,pancreas
1298475,PANC-02-03,1298475,PAAD,pancreas,pancreas
925346,PANC-03-27,925346,PAAD,pancreas,pancreas
1298476,PANC-04-03,1298476,PAAD,pancreas,pancreas
925347,PANC-08-13,925347,PAAD,pancreas,pancreas
925348,PANC-10-05,925348,PAAD,pancreas,pancreas
753608,PC-14,753608,LUAD,lung,lung_NSCLC_adenocarcinoma
905934,PC-3,905934,PRAD,urogenital_system,prostate
1240202,PC-3_[JPC-3],1240202,LUAD,lung,lung_NSCLC_adenocarcinoma
1240204,PCI-15A,1240204,HNSC,aero_digestive_tract,head_and_neck
1298529,PCI-30,1298529,HNSC,aero_digestive_tract,head_and_neck
1240205,PCI-38,1240205,HNSC,aero_digestive_tract,head_and_neck
1298531,PCI-4B,1298531,HNSC,aero_digestive_tract,head_and_neck
1240206,PCI-6A,1240206,HNSC,aero_digestive_tract,head_and_neck
1240207,PE-CA-PJ15,1240207,HNSC,aero_digestive_tract,head_and_neck
1480372,PEO1,1480372,OV,urogenital_system,ovary
909260,PF-382,909260,ALL,blood,lymphoblastic_T_cell_leukaemia
683667,PFSK-1,683667,MB,nervous_system,medulloblastoma
1330991,PL-21,1330991,LAML,blood,acute_myeloid_leukaemia
1240208,PL18,1240208,PAAD,pancreas,pancreas
1298533,PL4,1298533,PAAD,pancreas,pancreas
925349,PLC-PRF-5,925349,UNCLASSIFIED,digestive_system,liver
910546,PSN1,910546,PAAD,pancreas,pancreas
1330993,PWR-1E,1330993,PRAD,urogenital_system,prostate
1298534,QGP-1,1298534,UNCLASSIFIED,pancreas,pancreas
910545,QIMR-WIL,910545,LAML,blood,acute_myeloid_leukaemia
1330995,RC-K8,1330995,DLBC,blood,B_cell_lymphoma
1524418,RCC-AB,1524418,KIRC,kidney,kidney
1524417,RCC-ER,1524417,KIRC,kidney,kidney
1524414,RCC-FG2,1524414,KIRC,kidney,kidney
1524415,RCC-JF,1524415,KIRC,kidney,kidney
1524416,RCC-JW,1524416,KIRC,kidney,kidney
1524419,RCC-MF,1524419,KIRC,kidney,kidney
909974,RCC10RGB,909974,KIRC,kidney,kidney
1330994,RCH-ACV,1330994,UNCLASSIFIED,blood,B_cell_leukemia
909263,RCM-1,909263,COREAD,digestive_system,large_intestine
909264,RD,909264,UNCLASSIFIED,soft_tissue,rhabdomyosarcoma
1330996,RD-ES,1330996,UNCLASSIFIED,bone,ewings_sarcoma
909696,REH,909696,UNCLASSIFIED,blood,B_cell_leukemia
1240209,RERF-GC-1B,1240209,STAD,digestive_system,stomach
1298537,RERF-LC-KJ,1298537,LUAD,lung,lung_NSCLC_adenocarcinoma
910931,RERF-LC-MS,910931,LUAD,lung,lung_NSCLC_adenocarcinoma
1298538,RERF-LC-Sq1,1298538,LUSC,lung,lung_NSCLC_squamous_cell_carcinoma
909697,RF-48,909697,STAD,digestive_system,stomach
971773,RH-1,971773,UNCLASSIFIED,soft_tissue,rhabdomyosarcoma
971774,RH-18,971774,UNCLASSIFIED,soft_tissue,rhabdomyosarcoma
1240210,RH-41,1240210,UNCLASSIFIED,soft_tissue,rhabdomyosarcoma
1298539,RKN,1298539,UNCLASSIFIED,urogenital_system,ovary
909698,RKO,909698,COREAD,digestive_system,large_intestine
910861,RL,910861,DLBC,blood,B_cell_lymphoma
930082,RL95-2,930082,UNCLASSIFIED,urogenital_system,endometrium
909699,RMG-I,909699,UNCLASSIFIED,urogenital_system,ovary
930083,RO82-W-1,930083,THCA,thyroid,thyroid
1331025,ROS-50,1331025,UNCLASSIFIED,blood,B_cell_leukemia
909700,RPMI-2650,909700,HNSC,aero_digestive_tract,head_and_neck
909701,RPMI-6666,909701,UNCLASSIFIED,blood,Hodgkin_lymphoma
910903,RPMI-7951,910903,SKCM,skin,melanoma
905964,RPMI-8226,905964,MM,blood,myeloma
909702,RPMI-8402,909702,ALL,blood,lymphoblastic_T_cell_leukaemia
910544,RPMI-8866,910544,LCML,blood,chronic_myeloid_leukaemia
909703,RS4-11,909703,ALL,blood,leukemia
909704,RT-112,909704,BLCA,urogenital_system,bladder
687455,RT4,687455,BLCA,urogenital_system,bladder
909706,RVH-421,909706,SKCM,skin,melanoma
905978,RXF393,905978,KIRC,kidney,kidney
909262,Raji,909262,UNCLASSIFIED,blood,Burkitt_lymphoma
910401,Ramos-2G6-4C10,910401,UNCLASSIFIED,blood,Burkitt_lymphoma
910946,S-117,910946,UNCLASSIFIED,thyroid,thyroid
909708,SAS,909708,HNSC,aero_digestive_tract,head_and_neck
1299050,SAT,1299050,HNSC,aero_digestive_tract,head_and_neck
713885,SBC-1,713885,SCLC,lung,lung_small_cell_carcinoma
753610,SBC-3,753610,SCLC,lung,lung_small_cell_carcinoma
713880,SBC-5,713880,SCLC,lung,lung_small_cell_carcinoma
910911,SCC-15,910911,HNSC,aero_digestive_tract,head_and_neck
910701,SCC-25,910701,HNSC,aero_digestive_tract,head_and_neck
910930,SCC-3,910930,DLBC,blood,B_cell_lymphoma
910904,SCC-4,910904,HNSC,aero_digestive_tract,head_and_neck
909709,SCC-9,909709,HNSC,aero_digestive_tract,head_and_neck
1299052,SCC90,1299052,HNSC,aero_digestive_tract,head_and_neck
909711,SCH,909711,UNCLASSIFIED,digestive_system,stomach
753611,SCLC-21H,753611,UNCLASSIFIED,lung,lung_small_cell_carcinoma
1299051,SCaBER,1299051,UNCLASSIFIED,urogenital_system,bladder
909712,SF126,909712,GBM,nervous_system,glioma
905986,SF268,905986,GBM,nervous_system,glioma
905985,SF295,905985,GBM,nervous_system,glioma
905984,SF539,905984,LGG,nervous_system,glioma
909713,SH-4,909713,SKCM,skin,melanoma
724872,SHP-77,724872,SCLC,lung,lung_small_cell_carcinoma
909715,SIG-M5,909715,LAML,blood,acute_myeloid_leukaemia
753620,SIMA,753620,NB,nervous_system,neuroblastoma
1240212,SISO,1240212,CESC,urogenital_system,cervix
909716,SJRH30,909716,UNCLASSIFIED,soft_tissue,rhabdomyosarcoma
909717,SJSA-1,909717,UNCLASSIFIED,bone,bone_other
909718,SK-CO-1,909718,COREAD,digestive_system,large_intestine
684072,SK-ES-1,684072,UNCLASSIFIED,bone,ewings_sarcoma
1503364,SK-GT-2,1503364,STAD,digestive_system,stomach
1503365,SK-GT-4,1503365,ESCA,aero_digestive_tract,oesophagus
909719,SK-HEP-1,909719,LIHC,digestive_system,liver
909720,SK-LMS-1,909720,UNCLASSIFIED,soft_tissue,soft_tissue_other
909721,SK-LU-1,909721,LUAD,lung,lung_NSCLC_adenocarcinoma
909723,SK-MEL-1,909723,SKCM,skin,melanoma
905955,SK-MEL-2,905955,SKCM,skin,melanoma
909725,SK-MEL-24,909725,SKCM,skin,melanoma
905954,SK-MEL-28,905954,SKCM,skin,melanoma
909724,SK-MEL-3,909724,SKCM,skin,melanoma
909726,SK-MEL-30,909726,SKCM,skin,melanoma
909727,SK-MEL-31,909727,SKCM,skin,melanoma
905956,SK-MEL-5,905956,SKCM,skin,melanoma
909728,SK-MES-1,909728,LUSC,lung,lung_NSCLC_squamous_cell_carcinoma
909729,SK-MG-1,909729,GBM,nervous_system,glioma
753612,SK-MM-2,753612,MM,blood,myeloma
724828,SK-N-AS,724828,NB,nervous_system,neuroblastoma
688086,SK-N-DZ,688086,NB,nervous_system,neuroblastoma
688087,SK-N-FI,688087,NB,nervous_system,neuroblastoma
717431,SK-N-SH,717431,NB,nervous_system,neuroblastoma
909730,SK-NEP-1,909730,UNCLASSIFIED,kidney,kidney
905959,SK-OV-3,905959,OV,urogenital_system,ovary
909731,SK-PN-DW,909731,UNCLASSIFIED,bone,ewings_sarcoma
909732,SK-UT-1,909732,UNCLASSIFIED,soft_tissue,soft_tissue_other
930298,SKG-IIIa,930298,CESC,urogenital_system,cervix
909722,SKM-1,909722,UNCLASSIFIED,blood,haematopoietic_neoplasm_other
1240215,SKN,1240215,UNCLASSIFIED,urogenital_system,uterus
1299059,SKN-3,1299059,HNSC,aero_digestive_tract,head_and_neck
1331032,SLVL,1331032,DLBC,blood,B_cell_lymphoma
905979,SN12C,905979,KIRC,kidney,kidney
905982,SNB75,905982,GBM,nervous_system,glioma
909735,SNG-M,909735,UCEC,urogenital_system,endometrium
1659823,SNU-1040,1659823,COREAD,digestive_system,large_intestine
1659928,SNU-175,1659928,COREAD,digestive_system,large_intestine
1240216,SNU-182,1240216,LIHC,digestive_system,liver
909736,SNU-387,909736,LIHC,digestive_system,liver
1240217,SNU-398,1240217,LIHC,digestive_system,liver
1660034,SNU-407,1660034,COREAD,digestive_system,large_intestine
909737,SNU-423,909737,LIHC,digestive_system,liver
909738,SNU-449,909738,LIHC,digestive_system,liver
909739,SNU-475,909739,LIHC,digestive_system,liver
1660035,SNU-61,1660035,COREAD,digestive_system,large_intestine
1660036,SNU-81,1660036,COREAD,digestive_system,large_intestine
910905,SNU-C1,910905,COREAD,digestive_system,large_intestine
909740,SNU-C2B,909740,COREAD,digestive_system,large_intestine
1674021,SNU-C5,1674021,COREAD,digestive_system,large_intestine
905965,SR,905965,UNCLASSIFIED,blood,lymphoid_neoplasm_other
910906,ST486,910906,UNCLASSIFIED,blood,Burkitt_lymphoma
1299061,STS-0421,1299061,UNCLASSIFIED,soft_tissue,soft_tissue_other
909742,SU-DHL-1,909742,UNCLASSIFIED,blood,anaplastic_large_cell_lymphoma
1331033,SU-DHL-10,1331033,DLBC,blood,B_cell_lymphoma
1331034,SU-DHL-16,1331034,DLBC,blood,B_cell_lymphoma
1331035,SU-DHL-4,1331035,DLBC,blood,B_cell_lymphoma
1331036,SU-DHL-5,1331036,DLBC,blood,B_cell_lymphoma
1331037,SU-DHL-6,1331037,DLBC,blood,B_cell_lymphoma
1331038,SU-DHL-8,1331038,DLBC,blood,B_cell_lymphoma
1240218,SU8686,1240218,PAAD,pancreas,pancreas
1240219,SUIT-2,1240219,PAAD,pancreas,pancreas
1247871,SUP-B15,1247871,ALL,blood,lymphoblastic_leukemia
910209,SUP-B8,910209,UNCLASSIFIED,blood,B_cell_leukemia
1331039,SUP-HD1,1331039,UNCLASSIFIED,blood,Hodgkin_lymphoma
1331040,SUP-M2,1331040,UNCLASSIFIED,blood,anaplastic_large_cell_lymphoma
909743,SUP-T1,909743,ALL,blood,lymphoblastic_T_cell_leukaemia
909745,SW1088,909745,GBM,nervous_system,glioma
909746,SW1116,909746,COREAD,digestive_system,large_intestine
1299062,SW1271,1299062,SCLC,lung,lung_small_cell_carcinoma
909744,SW13,909744,ACC,kidney,adrenal_gland
909747,SW1417,909747,COREAD,digestive_system,large_intestine
909748,SW1463,909748,COREAD,digestive_system,large_intestine
1240220,SW156,1240220,KIRC,kidney,kidney
724878,SW1573,724878,LUAD,lung,lung_NSCLC_adenocarcinoma
909749,SW1710,909749,BLCA,urogenital_system,bladder
909750,SW1783,909750,LGG,nervous_system,glioma
910907,SW1990,910907,PAAD,pancreas,pancreas
910908,SW403,910908,UNCLASSIFIED,digestive_system,large_intestine
909751,SW48,909751,COREAD,digestive_system,large_intestine
905962,SW620,905962,COREAD,digestive_system,large_intestine
909753,SW626,909753,OV,urogenital_system,ovary
909754,SW684,909754,UNCLASSIFIED,soft_tissue,fibrosarcoma
724839,SW756,724839,CESC,urogenital_system,cervix
687457,SW780,687457,BLCA,urogenital_system,bladder
909755,SW837,909755,COREAD,digestive_system,large_intestine
909756,SW872,909756,UNCLASSIFIED,soft_tissue,soft_tissue_other
724879,SW900,724879,LUSC,lung,lung_NSCLC_squamous_cell_carcinoma
909757,SW948,909757,COREAD,digestive_system,large_intestine
924247,SW954,924247,UNCLASSIFIED,urogenital_system,urogenital_system_other
909758,SW962,909758,UNCLASSIFIED,urogenital_system,urogenital_system_other
909759,SW982,909759,UNCLASSIFIED,soft_tissue,soft_tissue_other
909707,Saos-2,909707,UNCLASSIFIED,bone,osteosarcoma
1303910,Sarc9371,1303910,UNCLASSIFIED,bone,bone_other
1331031,Sci-1,1331031,UNCLASSIFIED,blood,B_cell_lymphoma
1659820,Set2,1659820,UNCLASSIFIED,,
930297,SiHa,930297,CESC,urogenital_system,cervix
724812,T-24,724812,BLCA,urogenital_system,bladder
1299064,T-T,1299064,ESCA,aero_digestive_tract,oesophagus
905945,T47D,905945,BRCA,breast,breast
909761,T84,909761,COREAD,digestive_system,large_intestine
687586,T98G,687586,GBM,nervous_system,glioma
909762,TALL-1,909762,ALL,blood,lymphoblastic_T_cell_leukaemia
1299067,TASK1,1299067,UNCLASSIFIED,nervous_system,nervous_system_other
1240221,TC-71,1240221,UNCLASSIFIED,bone,ewings_sarcoma
946357,TC-YIK,946357,UNCLASSIFIED,urogenital_system,cervix
687459,TCCSUP,687459,BLCA,urogenital_system,bladder
753621,TE-1,753621,ESCA,aero_digestive_tract,oesophagus
753622,TE-10,753622,ESCA,aero_digestive_tract,oesophagus
946354,TE-11,946354,ESCA,aero_digestive_tract,oesophagus
946356,TE-12,946356,ESCA,aero_digestive_tract,oesophagus
753614,TE-15,753614,ESCA,aero_digestive_tract,oesophagus
1503371,TE-4,1503371,ESCA,aero_digestive_tract,oesophagus
924248,TE-441-T,924248,UNCLASSIFIED,soft_tissue,rhabdomyosarcoma
735784,TE-5,735784,ESCA,aero_digestive_tract,oesophagus
946355,TE-6,946355,ESCA,aero_digestive_tract,oesophagus
753623,TE-8,753623,ESCA,aero_digestive_tract,oesophagus
946353,TE-9,946353,ESCA,aero_digestive_tract,oesophagus
1331044,TF-1,1331044,UNCLASSIFIED,blood,acute_myeloid_leukaemia
909770,TGBC11TKB,909770,STAD,digestive_system,stomach
909769,TGBC1TKB,909769,UNCLASSIFIED,digestive_system,biliary_tract
910695,TGBC24TKB,910695,UNCLASSIFIED,digestive_system,biliary_tract
910780,TGW,910780,NB,nervous_system,neuroblastoma
909771,THP-1,909771,LAML,blood,acute_myeloid_leukaemia
910696,TI-73,910696,UNCLASSIFIED,bone,osteosarcoma
1331045,TK,1331045,DLBC,blood,B_cell_lymphoma
905980,TK10,905980,KIRC,kidney,kidney
1299069,TMK-1,1299069,STAD,digestive_system,stomach
1299070,TOV-112D,1299070,OV,urogenital_system,ovary
1240222,TOV-21G,1240222,OV,urogenital_system,ovary
930299,TT,930299,THCA,thyroid,thyroid
1240223,TT2609-C02,1240223,THCA,thyroid,thyroid
909773,TUR,909773,DLBC,blood,B_cell_lymphoma
909774,TYK-nu,909774,UNCLASSIFIED,urogenital_system,ovary
1299066,Takigawa,1299066,UNCLASSIFIED,digestive_system,stomach
1331043,Tera-1,1331043,UNCLASSIFIED,urogenital_system,testis
1331046,Toledo,1331046,UNCLASSIFIED,blood,B_cell_lymphoma
687588,U-118-MG,687588,GBM,nervous_system,glioma
909776,U-2-OS,909776,UNCLASSIFIED,bone,osteosarcoma
753615,U-266,753615,MM,blood,myeloma
909777,U-698-M,909777,UNCLASSIFIED,blood,B_cell_leukemia
687590,U-87-MG,687590,GBM,nervous_system,glioma
1503374,U-CH1,1503374,UNCLASSIFIED,,
905981,U031,905981,KIRC,kidney,kidney
905983,U251,905983,GBM,nervous_system,glioma
905977,UACC-257,905977,SKCM,skin,melanoma
905976,UACC-62,905976,SKCM,skin,melanoma
910910,UACC-812,910910,BRCA,breast,breast
909778,UACC-893,909778,BRCA,breast,breast
1299073,UDSCC2,1299073,UNCLASSIFIED,aero_digestive_tract,head_and_neck
1299074,UISO-MCC-1,1299074,UNCLASSIFIED,skin,Merkel_cell_carcinoma
724838,UM-UC-3,724838,BLCA,urogenital_system,bladder
909779,UMC-11,909779,UNCLASSIFIED,lung,lung_NSCLC_carcinoid
1480374,UWB1.289,1480374,OV,urogenital_system,ovary
688121,VA-ES-BJ,688121,UNCLASSIFIED,soft_tissue,soft_tissue_other
1331048,VAL,1331048,DLBC,blood,B_cell_lymphoma
1299075,VCaP,1299075,PRAD,urogenital_system,prostate
909780,VM-CUB-1,909780,BLCA,urogenital_system,bladder
713869,VMRC-LCD,713869,LUAD,lung,lung_NSCLC_adenocarcinoma
930301,VMRC-MELG,930301,SKCM,skin,melanoma
1240224,VMRC-RCW,1240224,KIRC,kidney,kidney
909781,VMRC-RCZ,909781,KIRC,kidney,kidney
1331049,WIL2-NS,1331049,UNCLASSIFIED,blood,lymphoid_neoplasm_other
909784,WM-115,909784,SKCM,skin,melanoma
1299077,WM1158,1299077,UNCLASSIFIED,skin,melanoma
1299078,WM1552C,1299078,SKCM,skin,melanoma
1240225,WM239A,1240225,UNCLASSIFIED,skin,melanoma
1240226,WM278,1240226,SKCM,skin,melanoma
1299080,WM35,1299080,SKCM,skin,melanoma
1299081,WM793B,1299081,SKCM,skin,melanoma
1240227,WM902B,1240227,UNCLASSIFIED,skin,melanoma
1331050,WSU-DLCL2,1331050,DLBC,blood,B_cell_lymphoma
909785,WSU-NHL,909785,UNCLASSIFIED,blood,lymphoid_neoplasm_other
909904,YAPC,909904,PAAD,pancreas,pancreas
909905,YH-13,909905,GBM,nervous_system,glioma
687592,YKG-1,687592,GBM,nervous_system,glioma
1303911,YMB-1-E,1303911,BRCA,breast,breast
946358,YT,946358,ALL,blood,lymphoid_neoplasm_other
909907,ZR-75-30,909907,BRCA,breast,breast
1298146,huH-1,1298146,LIHC,digestive_system,liver
908452,no-10,908452,LGG,nervous_system,glioma
908450,no-11,908450,LGG,nervous_system,glioma
